{
  "num_runs": 22,
  "quality_metrics": {
    "mrr": {
      "mean": 0.3051948051948052,
      "median": 0.0,
      "stdev": 0.43486412999440544,
      "min": 0.0,
      "max": 1.0
    },
    "hit_rate_5": {
      "mean": 0.3051948051948052,
      "median": 0.0,
      "stdev": 0.43486412999440544
    },
    "overall_quality": {
      "mean": 0.26857142857142857,
      "median": 0.0,
      "stdev": 0.38268043439507676
    }
  },
  "performance_metrics": {
    "query_time_ms": {
      "mean": 8.964478195487679,
      "median": 9.055699620928083,
      "p95": 9.707110268729073
    },
    "insert_time_ms": {
      "mean": 214.44226395000112,
      "median": 213.47615718841553
    }
  },
  "math_metrics": {
    "graph_connectivity": {
      "mean": 0.0,
      "stdev": 0.0
    },
    "optimal_retrieval_ratio": {
      "mean": 0.3051948051948052,
      "stdev": 0.43486412999440544
    },
    "memory_drift_index": {
      "mean": 0.0,
      "stdev": 0.0
    }
  },
  "raw_data": {
    "mrrs": [
      1.0,
      1.0,
      1.0,
      0.7142857142857143,
      1.0,
      1.0,
      0.5714285714285714,
      0.42857142857142855,
      0.0,
      0.0,
      0.0,
      0.0,
      0.0,
      0.0,
      0.0,
      0.0,
      0.0,
      0.0,
      0.0,
      0.0,
      0.0,
      0.0
    ],
    "query_times": [
      11.742932455880302,
      9.608813694545201,
      8.370671953473773,
      9.070055825369698,
      8.71556145804269,
      8.85469572884696,
      9.101765496390206,
      8.938346590314593,
      9.074585778372628,
      7.689476013183594,
      9.638547897338867,
      7.797854287283761,
      8.735895156860352,
      9.184190205165319,
      9.453466960362025,
      7.825715201241629,
      9.042058672223773,
      8.482626506260463,
      9.606974465506417,
      7.507835115705218,
      9.069340569632393,
      9.707110268729073
    ],
    "gcs": [
      0.0,
      0.0,
      0.0,
      0.0,
      0.0,
      0.0,
      0.0,
      0.0,
      0.0,
      0.0,
      0.0,
      0.0,
      0.0,
      0.0,
      0.0,
      0.0,
      0.0,
      0.0,
      0.0,
      0.0,
      0.0,
      0.0
    ],
    "orr": [
      1.0,
      1.0,
      1.0,
      0.7142857142857143,
      1.0,
      1.0,
      0.5714285714285714,
      0.42857142857142855,
      0.0,
      0.0,
      0.0,
      0.0,
      0.0,
      0.0,
      0.0,
      0.0,
      0.0,
      0.0,
      0.0,
      0.0,
      0.0,
      0.0
    ]
  }
}